{"cameraMode":{"drawMode":0,"name":"Shaded","section":"Shading Mode"},"sceneLighting":false,"audioPlay":false,"sceneViewState":{"m_AlwaysRefresh":false,"showFog":true,"showSkybox":false,"showFlares":true,"showImageEffects":true,"showParticleSystems":true,"showVisualEffectGraphs":true,"m_FxEnabled":true},"in2DMode":false,"pivot":{"x":2.635704517364502,"y":2.1330204010009767,"z":1.6181926727294922},"rotation":{"x":0.2948381006717682,"y":-0.02896767668426037,"z":0.008916688151657582,"w":0.9551578760147095},"size":7.2300825119018559,"orthographic":false}