{"cameraMode":{"drawMode":0,"name":"Shaded","section":"Shading Mode"},"sceneLighting":false,"audioPlay":false,"sceneViewState":{"m_AlwaysRefresh":false,"showFog":true,"showSkybox":false,"showFlares":true,"showImageEffects":true,"showParticleSystems":true,"showVisualEffectGraphs":true,"m_FxEnabled":true},"in2DMode":false,"pivot":{"x":4.949999809265137,"y":0.8799999952316284,"z":-11.260000228881836},"rotation":{"x":0.26169830560684206,"y":-0.1226513609290123,"z":0.03354525938630104,"w":0.9567497372627258},"size":0.8660253882408142,"orthographic":false}