{"cameraMode":{"drawMode":0,"name":"Shaded","section":"Shading Mode"},"sceneLighting":false,"audioPlay":false,"sceneViewState":{"m_AlwaysRefresh":false,"showFog":true,"showSkybox":false,"showFlares":true,"showImageEffects":true,"showParticleSystems":true,"showVisualEffectGraphs":true,"m_FxEnabled":true},"in2DMode":false,"pivot":{"x":0.03199997544288635,"y":0.38789302110671999,"z":3.548797369003296},"rotation":{"x":0.19639942049980164,"y":-0.05497724190354347,"z":0.01102982647716999,"w":0.9789204001426697},"size":1.6243152618408204,"orthographic":false}