{"cameraMode":{"drawMode":0,"name":"Shaded","section":"Shading Mode"},"sceneLighting":true,"audioPlay":false,"sceneViewState":{"m_AlwaysRefresh":false,"showFog":true,"showSkybox":true,"showFlares":true,"showImageEffects":true,"showParticleSystems":true,"showVisualEffectGraphs":true,"m_FxEnabled":true},"in2DMode":false,"pivot":{"x":-1.3083453178405762,"y":1.2060661315917969,"z":4.314482688903809},"rotation":{"x":0.16766779124736787,"y":0.5024725794792175,"z":-0.10002674907445908,"w":0.8422613143920898},"size":1.5735886096954346,"orthographic":false}