{"cameraMode":{"drawMode":0,"name":"Shaded","section":"Shading Mode"},"sceneLighting":true,"audioPlay":false,"sceneViewState":{"m_AlwaysRefresh":false,"showFog":true,"showSkybox":true,"showFlares":true,"showImageEffects":true,"showParticleSystems":true,"showVisualEffectGraphs":true,"m_FxEnabled":true},"in2DMode":false,"pivot":{"x":811.536865234375,"y":6.7400407791137699,"z":558.2320556640625},"rotation":{"x":0.38780567049980166,"y":-0.026563629508018495,"z":0.011132604442536831,"w":0.9213528037071228},"size":1.2846096754074097,"orthographic":false}