{"cameraMode":{"drawMode":0,"name":"Shaded","section":"Shading Mode"},"sceneLighting":false,"audioPlay":false,"sceneViewState":{"m_AlwaysRefresh":false,"showFog":true,"showSkybox":false,"showFlares":true,"showImageEffects":true,"showParticleSystems":true,"showVisualEffectGraphs":true,"m_FxEnabled":true},"in2DMode":false,"pivot":{"x":-7.590000152587891,"y":0.13710683584213258,"z":3.5671067237854006},"rotation":{"x":0.2781267762184143,"y":-0.3300219178199768,"z":0.10247489809989929,"w":0.8963271379470825},"size":1.4866068363189698,"orthographic":false}