{"cameraMode":{"drawMode":0,"name":"Shaded","section":"Shading Mode"},"sceneLighting":false,"audioPlay":false,"sceneViewState":{"m_AlwaysRefresh":false,"showFog":true,"showSkybox":false,"showFlares":true,"showImageEffects":true,"showParticleSystems":true,"showVisualEffectGraphs":true,"m_FxEnabled":true},"in2DMode":false,"pivot":{"x":-0.8612964153289795,"y":0.9037282466888428,"z":-0.8474054336547852},"rotation":{"x":0.2359972894191742,"y":-0.36258646845817568,"z":0.0955013558268547,"w":0.8965997695922852},"size":2.2257461547851564,"orthographic":false}