{"cameraMode":{"drawMode":0,"name":"Shaded","section":"Shading Mode"},"sceneLighting":false,"audioPlay":false,"sceneViewState":{"m_AlwaysRefresh":false,"showFog":true,"showSkybox":false,"showFlares":true,"showImageEffects":true,"showParticleSystems":true,"showVisualEffectGraphs":true,"m_FxEnabled":true},"in2DMode":false,"pivot":{"x":-10.857555389404297,"y":-0.14283812046051026,"z":7.912245273590088},"rotation":{"x":0.2781267762184143,"y":-0.3300219178199768,"z":0.10247489809989929,"w":0.8963271379470825},"size":0.7898688912391663,"orthographic":false}